customer_id,name,city,updated_at
103,Amit,Delhi,
271,Amit,Chennai,01-04-2024 00:00
107,Amit,Chennai,01-03-2024
72,Raj,Kolkata,01-03-2024
189,Priya,Bangalore,invalid_date
21,Sita,Delhi,invalid_date
103,Priya,Bangalore,
122,Neha,Delhi,invalid_date
215,Amit,Bangalore,01-01-2024
88,Priya,Chennai,invalid_date
100,Raj,Chennai,01-01-2024
152,Neha,Hyderabad,invalid_date
131,John,Mumbai,
150,Priya,Kolkata,
258,John,Bangalore,01-01-2024
294,Amit,Kolkata,01-04-2024 00:00
192,Raj,Hyderabad,
277,Raj,Mumbai,01-04-2024 00:00
161,Priya,Bangalore,01-03-2024
22,Neha,Delhi,01-01-2024
253,Neha,Mumbai,
236,Raj,Chennai,01-02-2024
49,Neha,Hyderabad,01-03-2024
59,Raj,Mumbai,01-04-2024 00:00
170,Priya,Mumbai,
188,Sita,Chennai,01-01-2024
271,Raj,Bangalore,invalid_date
190,John,Delhi,01-02-2024
175,Neha,Chennai,01-04-2024 00:00
51,Raj,Delhi,01-03-2024
55,Raj,Bangalore,01-01-2024
244,Priya,Mumbai,01-02-2024
131,Neha,Delhi,01-01-2024
135,Sita,Hyderabad,
21,Priya,Hyderabad,invalid_date
167,Sita,Chennai,01-03-2024
274,Priya,Bangalore,01-01-2024
89,Neha,Chennai,01-04-2024 00:00
14,Ram,Chennai,
242,Neha,Kolkata,
265,Neha,Chennai,01-03-2024
53,Sita,Kolkata,
92,Sita,Hyderabad,01-04-2024 00:00
264,Neha,Hyderabad,01-01-2024
35,Neha,Chennai,01-03-2024
206,Neha,Hyderabad,
81,Sita,Bangalore,
50,Neha,Kolkata,01-04-2024 00:00
2,Neha,,invalid_date
54,Amit,Chennai,invalid_date
106,Ram,Hyderabad,
260,John,Delhi,01-01-2024
191,Ram,Kolkata,01-03-2024
218,Amit,Chennai,
44,John,Chennai,01-02-2024
162,Priya,Bangalore,01-03-2024
202,Neha,Mumbai,invalid_date
270,Amit,Mumbai,
271,Priya,Kolkata,01-04-2024 00:00
215,Neha,Bangalore,01-02-2024
252,Sita,Bangalore,
190,Raj,Bangalore,01-01-2024
296,Amit,Kolkata,01-02-2024
213,Sita,Mumbai,
208,Amit,Bangalore,01-01-2024
237,Amit,,01-02-2024
53,Sita,Chennai,01-01-2024
280,John,Chennai,01-01-2024
217,Ram,Delhi,01-02-2024
252,Neha,Delhi,01-02-2024
188,Amit,Kolkata,01-01-2024
41,Neha,Kolkata,invalid_date
157,Raj,Chennai,01-02-2024
15,Sita,Hyderabad,
65,Neha,Mumbai,01-03-2024
9,Sita,Mumbai,01-04-2024 00:00
129,Neha,Kolkata,01-01-2024
136,Ram,Hyderabad,01-01-2024
63,Ram,Kolkata,01-04-2024 00:00
139,Ram,Mumbai,invalid_date
81,Ram,Kolkata,01-04-2024 00:00
163,Ram,Bangalore,01-02-2024
289,Ram,Kolkata,01-04-2024 00:00
261,Sita,Chennai,01-01-2024
231,Amit,Kolkata,01-04-2024 00:00
41,Neha,Chennai,01-03-2024
28,Ram,Hyderabad,
135,Sita,Mumbai,01-02-2024
201,Sita,Delhi,01-04-2024 00:00
268,Sita,Delhi,01-01-2024
33,Amit,Mumbai,
48,Neha,Delhi,01-02-2024
62,Amit,Kolkata,01-01-2024
216,John,Hyderabad,invalid_date
293,Priya,Hyderabad,01-03-2024
99,Sita,Mumbai,invalid_date
172,John,Delhi,01-03-2024
214,Raj,Kolkata,01-04-2024 00:00
35,Ram,Hyderabad,01-02-2024
227,Priya,Hyderabad,01-04-2024 00:00
101,Ram,Bangalore,01-03-2024
131,Amit,Bangalore,01-03-2024
257,Priya,Hyderabad,01-03-2024
5,Neha,Mumbai,
218,John,Chennai,01-01-2024
255,Neha,Chennai,01-02-2024
283,Amit,Kolkata,01-04-2024 00:00
207,Ram,Hyderabad,01-04-2024 00:00
15,Priya,Hyderabad,invalid_date
42,Neha,Hyderabad,01-03-2024
179,Neha,Mumbai,01-03-2024
63,Ram,Bangalore,01-03-2024
231,Priya,Hyderabad,01-04-2024 00:00
241,John,Hyderabad,invalid_date
52,Ram,Delhi,01-01-2024
96,Neha,Mumbai,
222,John,Kolkata,01-02-2024
231,John,Hyderabad,01-01-2024
237,Ram,Delhi,01-04-2024 00:00
143,Neha,Chennai,
171,Amit,,
29,Neha,Hyderabad,
36,Sita,,01-03-2024
13,Priya,Delhi,01-02-2024
160,Raj,Mumbai,01-04-2024 00:00
187,Amit,,01-04-2024 00:00
243,John,Chennai,
86,Amit,Hyderabad,01-04-2024 00:00
284,Priya,Chennai,01-02-2024
66,John,Kolkata,01-02-2024
170,Priya,Kolkata,invalid_date
45,John,Bangalore,invalid_date
62,Amit,Bangalore,01-01-2024
134,John,Chennai,01-02-2024
284,John,Mumbai,01-02-2024
28,Sita,Hyderabad,01-02-2024
108,Neha,Hyderabad,invalid_date
44,Neha,Bangalore,
286,Raj,Chennai,
128,Raj,Hyderabad,01-04-2024 00:00
231,Sita,Hyderabad,
190,Raj,Mumbai,01-03-2024
225,Priya,Delhi,invalid_date
283,Amit,Bangalore,01-02-2024
121,Ram,Bangalore,
116,Priya,Delhi,invalid_date
233,Ram,Hyderabad,
259,Ram,Mumbai,01-01-2024
198,Sita,,01-02-2024
137,Priya,Bangalore,01-01-2024
165,Sita,Mumbai,01-02-2024
225,John,Kolkata,invalid_date
234,Ram,Delhi,01-04-2024 00:00
172,Amit,Hyderabad,
152,Raj,Kolkata,
160,Amit,Delhi,01-03-2024
96,Raj,Chennai,01-01-2024
233,Ram,Bangalore,
180,Ram,,invalid_date
113,Ram,Chennai,01-04-2024 00:00
52,Sita,Mumbai,invalid_date
268,Priya,Kolkata,01-01-2024
295,Raj,Hyderabad,01-03-2024
113,Priya,Hyderabad,
101,Sita,Hyderabad,invalid_date
113,Sita,Mumbai,01-02-2024
81,Neha,Chennai,01-04-2024 00:00
187,Amit,Hyderabad,invalid_date
113,Amit,Chennai,01-04-2024 00:00
2,John,Mumbai,
130,Sita,Kolkata,01-02-2024
220,Raj,Chennai,01-03-2024
54,Neha,Kolkata,01-03-2024
224,Neha,Mumbai,01-02-2024
225,Priya,Mumbai,01-04-2024 00:00
126,Amit,Bangalore,
130,Sita,Mumbai,invalid_date
53,John,Mumbai,01-02-2024
172,Sita,Delhi,01-01-2024
218,Priya,Hyderabad,01-04-2024 00:00
160,Ram,Bangalore,01-03-2024
198,Sita,Bangalore,01-02-2024
247,Priya,Bangalore,01-03-2024
203,Ram,Delhi,01-04-2024 00:00
184,Ram,Kolkata,01-03-2024
123,John,Mumbai,01-02-2024
255,Raj,Hyderabad,01-04-2024 00:00
294,Amit,Chennai,01-01-2024
280,Sita,,01-02-2024
98,Ram,Mumbai,invalid_date
198,Sita,Delhi,
240,Raj,Mumbai,01-02-2024
144,Amit,Mumbai,01-04-2024 00:00
97,Raj,Delhi,
201,Amit,Bangalore,01-02-2024
124,Neha,Bangalore,01-01-2024
187,Amit,Hyderabad,01-01-2024
259,John,Hyderabad,invalid_date
148,Raj,Bangalore,01-03-2024
252,Ram,,
147,Neha,Chennai,01-04-2024 00:00
148,John,Mumbai,01-04-2024 00:00
199,Sita,Chennai,01-03-2024
128,Raj,Mumbai,01-01-2024
39,Priya,Bangalore,01-01-2024
129,Priya,Hyderabad,01-02-2024
267,Ram,Kolkata,invalid_date
151,Amit,,
298,Ram,Chennai,invalid_date
99,Priya,,invalid_date
263,Sita,Bangalore,01-02-2024
252,Neha,Kolkata,invalid_date
144,Neha,Chennai,01-03-2024
112,Raj,Kolkata,01-02-2024
60,Neha,Mumbai,01-03-2024
2,Raj,,01-02-2024
254,Raj,Kolkata,invalid_date
140,Raj,Delhi,01-03-2024
37,Priya,Hyderabad,01-03-2024
160,Priya,Mumbai,01-03-2024
9,Amit,Kolkata,01-02-2024
233,John,Chennai,01-04-2024 00:00
99,Raj,Mumbai,invalid_date
147,Raj,Delhi,01-03-2024
208,John,Kolkata,
131,Ram,Bangalore,01-04-2024 00:00
152,Raj,Hyderabad,
54,Amit,Chennai,invalid_date
120,Neha,Bangalore,invalid_date
161,Neha,,01-03-2024
116,Sita,Kolkata,01-03-2024
75,Sita,Mumbai,01-02-2024
113,Neha,Kolkata,01-04-2024 00:00
104,Neha,Chennai,01-04-2024 00:00
254,Priya,Bangalore,01-03-2024
227,Amit,Chennai,invalid_date
112,John,Delhi,01-03-2024
99,Sita,Delhi,invalid_date
153,Priya,Hyderabad,invalid_date
194,Priya,Hyderabad,01-03-2024
163,John,Delhi,01-01-2024
208,Priya,Kolkata,01-04-2024 00:00
169,Amit,Chennai,
161,Neha,Delhi,invalid_date
68,Raj,Hyderabad,invalid_date
289,John,Delhi,01-01-2024
277,Neha,Kolkata,
135,Neha,,01-02-2024
195,Ram,Chennai,01-01-2024
128,John,Bangalore,
33,Priya,Kolkata,01-01-2024
176,Raj,Hyderabad,invalid_date
22,John,Chennai,01-04-2024 00:00
238,Priya,Delhi,01-01-2024
158,Neha,Delhi,01-02-2024
38,Raj,Bangalore,01-03-2024
230,Priya,Hyderabad,
51,Amit,Hyderabad,01-01-2024
264,Priya,,01-01-2024
283,Ram,Hyderabad,01-02-2024
27,Neha,Bangalore,01-04-2024 00:00
226,Priya,Mumbai,01-01-2024
277,Sita,Mumbai,01-01-2024
286,Sita,Delhi,01-04-2024 00:00
97,Ram,Delhi,01-02-2024
284,Amit,Hyderabad,
147,Neha,Mumbai,
4,John,Delhi,01-01-2024
35,Ram,Bangalore,01-04-2024 00:00
192,Amit,Delhi,01-01-2024
49,John,,01-03-2024
17,Sita,Kolkata,
172,Sita,Delhi,invalid_date
220,John,Mumbai,01-03-2024
158,Ram,Mumbai,01-01-2024
46,Sita,Chennai,01-02-2024
6,Neha,Kolkata,
99,Raj,Bangalore,invalid_date
233,Priya,Mumbai,01-03-2024
37,John,Hyderabad,
280,John,,01-04-2024 00:00
181,Sita,Bangalore,01-02-2024
95,Ram,,01-03-2024
99,Neha,Mumbai,01-04-2024 00:00
188,Ram,Bangalore,01-01-2024
116,Amit,Mumbai,01-04-2024 00:00
191,Amit,Delhi,01-03-2024
253,Raj,Kolkata,01-03-2024
161,Sita,Chennai,01-01-2024
256,Sita,Delhi,01-04-2024 00:00
128,Sita,Kolkata,01-04-2024 00:00
18,Raj,Mumbai,01-01-2024
281,Amit,Kolkata,01-04-2024 00:00
223,Ram,Mumbai,
54,Raj,Delhi,01-01-2024
58,Raj,Hyderabad,01-02-2024
174,Ram,Hyderabad,01-03-2024
280,Sita,Kolkata,01-02-2024
114,Neha,Hyderabad,
288,Ram,Mumbai,
151,Amit,Bangalore,invalid_date
127,John,Mumbai,invalid_date
155,John,Bangalore,invalid_date
273,Priya,Delhi,01-01-2024
104,Priya,Chennai,01-04-2024 00:00
299,Raj,Bangalore,
246,John,Hyderabad,01-02-2024
176,Neha,Mumbai,01-02-2024
39,Sita,Delhi,01-02-2024
170,Amit,Hyderabad,01-02-2024
247,Priya,Delhi,invalid_date
26,Neha,Chennai,01-02-2024
13,Amit,Mumbai,01-04-2024 00:00
36,Amit,Kolkata,invalid_date
173,Sita,Mumbai,01-02-2024
20,Raj,Chennai,01-01-2024
264,John,Mumbai,01-03-2024
142,Sita,Kolkata,01-03-2024
143,Neha,Bangalore,01-03-2024
92,Raj,Delhi,invalid_date
288,Neha,Kolkata,01-02-2024
215,Raj,Hyderabad,
51,Priya,Chennai,
153,Neha,Bangalore,
186,Sita,Hyderabad,invalid_date
63,Raj,Hyderabad,01-04-2024 00:00
190,Raj,Chennai,01-01-2024
125,Amit,Bangalore,01-01-2024
150,Amit,Hyderabad,01-03-2024
58,Ram,Hyderabad,01-03-2024
180,Neha,Bangalore,
170,Amit,Mumbai,
271,Ram,Hyderabad,01-03-2024
54,Priya,Delhi,01-02-2024
101,Priya,Bangalore,01-04-2024 00:00
264,Amit,Hyderabad,01-04-2024 00:00
53,Neha,Chennai,01-04-2024 00:00
60,Raj,,01-04-2024 00:00
108,John,Delhi,01-03-2024
5,Neha,Kolkata,01-01-2024
103,Sita,Kolkata,01-03-2024
196,Priya,Hyderabad,01-04-2024 00:00
262,Amit,Delhi,01-03-2024
47,Amit,Delhi,01-04-2024 00:00
144,Raj,Mumbai,invalid_date
269,Sita,Kolkata,
124,Raj,Delhi,01-01-2024
106,Sita,Mumbai,invalid_date
158,John,Bangalore,01-02-2024
147,Priya,Mumbai,01-03-2024
145,Amit,Chennai,01-02-2024
120,Amit,Hyderabad,01-03-2024
275,John,Bangalore,
92,Ram,Bangalore,invalid_date
58,Priya,Chennai,
229,Raj,Mumbai,01-04-2024 00:00
117,John,Hyderabad,
279,Raj,,
127,Neha,Delhi,01-04-2024 00:00
129,Amit,Mumbai,01-03-2024
58,Raj,Bangalore,01-04-2024 00:00
122,Sita,Hyderabad,invalid_date
1,Raj,Mumbai,
239,Neha,Hyderabad,01-04-2024 00:00
290,Priya,Hyderabad,
96,Amit,Delhi,invalid_date
126,John,Delhi,01-02-2024
118,Neha,Bangalore,invalid_date
48,Amit,Chennai,01-01-2024
89,Raj,Hyderabad,01-01-2024
237,Priya,,01-01-2024
272,Ram,Bangalore,
189,Priya,,01-03-2024
192,Ram,Hyderabad,01-03-2024
69,Sita,Kolkata,01-03-2024
278,Priya,Chennai,
247,Amit,Mumbai,invalid_date
76,Ram,Delhi,01-03-2024
154,John,Mumbai,01-02-2024
144,Amit,Chennai,01-01-2024
86,John,Delhi,invalid_date
185,Priya,Mumbai,01-01-2024
285,John,Kolkata,01-03-2024
220,Ram,Delhi,invalid_date
69,Amit,Hyderabad,01-04-2024 00:00
47,Raj,Mumbai,01-02-2024
94,Neha,,01-03-2024
238,Ram,Kolkata,01-03-2024
204,Ram,Delhi,01-02-2024
218,Raj,Delhi,01-02-2024
39,Amit,Kolkata,01-04-2024 00:00
100,Amit,Mumbai,01-03-2024
289,Priya,Bangalore,
254,John,Mumbai,01-03-2024
222,Priya,Chennai,01-01-2024
23,Raj,Kolkata,invalid_date
250,Priya,Mumbai,invalid_date
10,Raj,Delhi,01-01-2024
246,Amit,Kolkata,invalid_date
100,John,Hyderabad,01-02-2024
290,Priya,Mumbai,invalid_date
180,Ram,Kolkata,invalid_date
223,Sita,Mumbai,01-01-2024
250,Neha,Kolkata,01-04-2024 00:00
147,Ram,Delhi,invalid_date
96,Amit,Hyderabad,
257,Neha,Hyderabad,invalid_date
4,Sita,Chennai,01-04-2024 00:00
16,Sita,Kolkata,01-01-2024
280,John,Mumbai,01-04-2024 00:00
247,Neha,Hyderabad,01-01-2024
258,John,,01-02-2024
160,Ram,Bangalore,01-01-2024
152,Raj,Bangalore,01-02-2024
178,Raj,Hyderabad,01-02-2024
163,Raj,Kolkata,01-01-2024
33,Neha,Chennai,
179,Raj,Hyderabad,01-03-2024
101,Ram,Delhi,01-01-2024
268,John,Mumbai,invalid_date
65,Neha,Chennai,
168,John,Delhi,
43,Neha,Chennai,invalid_date
44,John,Delhi,01-03-2024
285,Sita,Mumbai,
12,John,Mumbai,01-02-2024
95,Raj,Bangalore,01-03-2024
253,Sita,Kolkata,invalid_date
242,John,Delhi,01-03-2024
35,Neha,Bangalore,01-01-2024
215,Neha,Delhi,01-03-2024
90,Neha,Bangalore,01-02-2024
264,Amit,Mumbai,01-01-2024
93,Ram,Chennai,01-04-2024 00:00
90,Neha,Bangalore,invalid_date
115,Sita,Delhi,invalid_date
105,Neha,Delhi,01-03-2024
196,Amit,,
114,Raj,Mumbai,01-01-2024
75,Sita,Delhi,01-04-2024 00:00
217,Amit,Hyderabad,01-01-2024
277,Raj,Chennai,invalid_date
249,Priya,Bangalore,01-01-2024
164,Priya,Kolkata,01-04-2024 00:00
192,Sita,Chennai,
227,John,Mumbai,01-03-2024
177,Ram,,01-02-2024
99,Ram,Bangalore,01-01-2024
36,Amit,Bangalore,01-02-2024
96,Raj,Hyderabad,invalid_date
152,Ram,Mumbai,01-03-2024
151,Raj,Kolkata,01-03-2024
190,Raj,Kolkata,01-01-2024
224,Amit,Delhi,
37,Amit,Hyderabad,01-03-2024
268,Amit,,01-01-2024
183,Ram,Kolkata,01-01-2024
13,Priya,Kolkata,01-02-2024
279,Amit,Chennai,01-03-2024
217,Ram,Chennai,01-01-2024
286,Amit,Chennai,01-02-2024
273,Neha,Hyderabad,01-04-2024 00:00
62,Raj,Delhi,01-02-2024
84,Amit,Bangalore,01-02-2024
217,Sita,Chennai,01-01-2024
187,Raj,Delhi,invalid_date
19,Raj,Mumbai,invalid_date
177,Amit,Chennai,
100,Priya,Bangalore,invalid_date
233,John,Mumbai,01-02-2024
76,Priya,Mumbai,
265,Amit,Bangalore,01-01-2024
284,Raj,Chennai,01-03-2024
206,Sita,Hyderabad,01-02-2024
223,Raj,Bangalore,01-02-2024
52,Priya,Bangalore,
144,Sita,Bangalore,01-01-2024
69,Ram,Mumbai,01-04-2024 00:00
99,Neha,Delhi,01-02-2024
25,Raj,Hyderabad,01-04-2024 00:00
53,Amit,Chennai,01-04-2024 00:00
151,Ram,Chennai,invalid_date
144,Neha,Delhi,01-01-2024
57,Amit,Bangalore,01-04-2024 00:00
39,John,Hyderabad,01-01-2024
109,Amit,,invalid_date
181,Sita,Kolkata,01-01-2024
42,Sita,Chennai,01-02-2024
186,John,Bangalore,01-04-2024 00:00
223,Ram,Kolkata,01-01-2024
122,Neha,Delhi,01-03-2024
133,Amit,,01-01-2024
163,Sita,Delhi,01-04-2024 00:00
215,Ram,Delhi,invalid_date
221,John,Hyderabad,invalid_date
235,Priya,Hyderabad,01-04-2024 00:00
146,Raj,Chennai,01-02-2024
239,Priya,Chennai,01-02-2024
76,Priya,Hyderabad,invalid_date
9,Sita,Kolkata,invalid_date
74,John,Mumbai,01-04-2024 00:00
253,Amit,,01-02-2024
230,Priya,Mumbai,invalid_date
7,Priya,Kolkata,01-02-2024
174,Neha,Hyderabad,invalid_date
141,Sita,Kolkata,01-01-2024
168,Sita,Chennai,01-03-2024
170,Amit,Delhi,
283,Raj,Hyderabad,01-01-2024
122,Ram,Bangalore,
194,Neha,Mumbai,invalid_date
5,Sita,Kolkata,01-03-2024
29,Neha,,01-03-2024
165,Sita,Kolkata,invalid_date
136,Neha,Hyderabad,invalid_date
145,John,Chennai,01-02-2024
217,Priya,Chennai,invalid_date
132,Sita,Chennai,01-04-2024 00:00
292,Neha,Kolkata,invalid_date
70,Ram,Bangalore,01-04-2024 00:00
252,John,Chennai,invalid_date
275,John,Hyderabad,01-02-2024
182,Ram,Chennai,01-04-2024 00:00
167,Neha,Delhi,01-01-2024
91,Amit,,01-04-2024 00:00
202,Ram,Kolkata,01-02-2024
19,Neha,Bangalore,
39,Ram,Delhi,01-04-2024 00:00
126,Ram,Kolkata,invalid_date
173,Sita,Kolkata,invalid_date
141,Neha,Kolkata,
242,Amit,Hyderabad,01-02-2024
220,Priya,Kolkata,01-03-2024
126,Sita,Hyderabad,invalid_date
58,Ram,Kolkata,01-01-2024
148,Priya,Mumbai,01-02-2024
1,Raj,Delhi,01-04-2024 00:00
190,Priya,Mumbai,01-04-2024 00:00
191,Ram,Kolkata,01-01-2024
117,Ram,Delhi,invalid_date
134,Neha,Delhi,01-02-2024
58,Neha,Bangalore,01-01-2024
44,Sita,Mumbai,invalid_date
173,Amit,Bangalore,01-02-2024
160,Sita,Delhi,01-04-2024 00:00
173,John,Hyderabad,01-02-2024
149,Ram,Delhi,
80,Priya,Bangalore,01-03-2024
213,Raj,,01-02-2024
203,Ram,Kolkata,01-03-2024
252,Ram,Kolkata,01-02-2024
229,Sita,Mumbai,01-03-2024
164,Raj,Kolkata,
227,Raj,Kolkata,01-04-2024 00:00
147,Raj,Bangalore,invalid_date
20,Sita,Mumbai,01-03-2024
47,Ram,Chennai,
233,Sita,Hyderabad,01-03-2024
14,Neha,Hyderabad,01-04-2024 00:00
143,Neha,Kolkata,01-03-2024
1,Sita,Hyderabad,
54,Raj,Mumbai,
259,Ram,Mumbai,01-01-2024
144,Sita,Delhi,01-04-2024 00:00
12,Sita,Delhi,01-01-2024
224,Sita,Hyderabad,01-04-2024 00:00
272,John,Chennai,01-03-2024
156,Neha,Delhi,
8,Priya,Delhi,01-01-2024
122,Raj,Mumbai,01-03-2024
164,Amit,Chennai,
90,Priya,Kolkata,01-04-2024 00:00
136,Raj,Hyderabad,
186,Amit,Delhi,01-03-2024
178,John,Chennai,01-01-2024
28,Sita,Chennai,01-01-2024
220,John,Hyderabad,
41,John,Chennai,01-03-2024
228,Priya,Chennai,01-02-2024
192,Ram,Chennai,01-04-2024 00:00
145,Priya,,01-04-2024 00:00
201,Neha,Hyderabad,01-03-2024
212,Amit,Chennai,01-02-2024
220,Sita,Chennai,01-01-2024
240,Priya,Delhi,invalid_date
46,Amit,Hyderabad,invalid_date
35,Raj,Mumbai,01-03-2024
253,Amit,Delhi,01-02-2024
82,Raj,Hyderabad,01-02-2024
256,Priya,Chennai,01-04-2024 00:00
197,Neha,Hyderabad,01-01-2024
10,Priya,Hyderabad,
286,Raj,Kolkata,01-02-2024
242,Amit,Hyderabad,
251,Amit,Mumbai,invalid_date
5,Raj,,
119,John,Mumbai,01-01-2024
289,Neha,Chennai,01-01-2024
65,Ram,Mumbai,
146,Sita,Chennai,01-03-2024
224,Amit,Chennai,01-02-2024
239,Sita,Mumbai,01-03-2024
177,Ram,,
267,Priya,Bangalore,01-02-2024
282,Sita,,01-04-2024 00:00
63,Ram,Kolkata,01-03-2024
217,Raj,Bangalore,01-03-2024
283,John,Hyderabad,
177,Amit,Hyderabad,invalid_date
98,Ram,Chennai,
105,Sita,Hyderabad,01-03-2024
99,Amit,Kolkata,01-02-2024
6,John,Hyderabad,invalid_date
197,Raj,,
133,Priya,Bangalore,
259,Amit,Mumbai,01-03-2024
23,Priya,Kolkata,01-03-2024
53,Ram,Hyderabad,01-04-2024 00:00
165,John,Kolkata,
202,Sita,Chennai,01-03-2024
83,John,Mumbai,01-01-2024
145,John,Mumbai,invalid_date
85,Neha,Delhi,01-01-2024
78,John,Hyderabad,invalid_date
1,John,Chennai,
51,Amit,Mumbai,01-04-2024 00:00
173,Sita,Mumbai,01-03-2024
205,Amit,Chennai,01-03-2024
260,Amit,,01-03-2024
288,Ram,Kolkata,
34,Amit,Hyderabad,invalid_date
95,Neha,Delhi,01-03-2024
72,Neha,Mumbai,01-01-2024
39,Priya,Delhi,01-03-2024
154,Ram,Kolkata,
250,Priya,Kolkata,01-04-2024 00:00
162,Priya,Bangalore,01-01-2024
118,Raj,Hyderabad,01-03-2024
259,Sita,Bangalore,01-03-2024
268,Sita,Bangalore,01-02-2024
54,Amit,Bangalore,invalid_date
236,Amit,Hyderabad,01-01-2024
222,Raj,Hyderabad,01-02-2024
251,Amit,Chennai,01-04-2024 00:00
112,Sita,Delhi,invalid_date
255,Priya,Delhi,01-01-2024
207,John,Chennai,01-03-2024
229,Neha,Chennai,01-01-2024
66,John,Kolkata,01-03-2024
75,John,Bangalore,invalid_date
103,Sita,Chennai,01-03-2024
192,John,Mumbai,01-04-2024 00:00
252,Raj,Delhi,
226,Ram,Chennai,01-03-2024
294,Amit,Mumbai,01-04-2024 00:00
98,Ram,Mumbai,
286,Priya,Mumbai,invalid_date
249,Neha,Kolkata,invalid_date
166,Amit,Kolkata,01-01-2024
30,John,Mumbai,01-04-2024 00:00
247,Neha,Kolkata,01-04-2024 00:00
106,Amit,Bangalore,01-02-2024
51,Raj,Mumbai,01-02-2024
81,Raj,Bangalore,
133,Raj,Bangalore,
285,Raj,Mumbai,01-02-2024
138,John,Delhi,
184,Ram,Mumbai,01-03-2024
273,Amit,Mumbai,01-02-2024
69,John,Kolkata,01-04-2024 00:00
34,Raj,Mumbai,01-03-2024
262,Priya,Delhi,
53,Ram,Kolkata,invalid_date
205,Priya,Hyderabad,01-01-2024
126,Neha,Hyderabad,01-02-2024
235,Priya,,invalid_date
43,Neha,Bangalore,
240,Neha,,01-04-2024 00:00
111,Raj,Chennai,01-01-2024
249,Neha,Hyderabad,invalid_date
151,Sita,Bangalore,01-01-2024
183,Amit,Hyderabad,01-02-2024
95,Amit,Delhi,
8,Raj,Delhi,01-04-2024 00:00
184,Sita,Chennai,
281,Priya,Chennai,01-01-2024
195,John,Kolkata,invalid_date
195,Priya,Delhi,01-02-2024
155,John,,01-02-2024
93,Neha,Hyderabad,
160,Ram,Mumbai,invalid_date
61,John,Chennai,invalid_date
122,Ram,Mumbai,01-01-2024
51,Amit,Bangalore,
277,Ram,Chennai,
5,Amit,Mumbai,01-03-2024
92,Sita,Bangalore,
170,Sita,,01-02-2024
22,Raj,Bangalore,01-01-2024
1,Raj,Kolkata,invalid_date
133,Neha,Chennai,
233,John,Delhi,01-01-2024
12,Neha,Hyderabad,
46,Amit,Mumbai,invalid_date
34,Neha,Chennai,01-04-2024 00:00
78,Ram,Delhi,invalid_date
218,Amit,Bangalore,invalid_date
73,Raj,Delhi,invalid_date
282,Sita,Chennai,
249,Raj,Chennai,01-03-2024
47,John,Kolkata,invalid_date
121,Amit,Kolkata,01-02-2024
214,Amit,Delhi,01-02-2024
239,Ram,Bangalore,01-01-2024
56,John,Delhi,01-03-2024
107,Sita,Chennai,01-01-2024
48,Priya,Chennai,01-02-2024
61,Amit,Mumbai,01-02-2024
26,Amit,Kolkata,01-04-2024 00:00
292,Ram,Mumbai,invalid_date
257,Neha,Hyderabad,01-02-2024
8,Sita,Chennai,
113,Raj,Mumbai,
253,John,Delhi,01-01-2024
180,Amit,Kolkata,01-01-2024
207,Amit,Kolkata,invalid_date
127,Raj,,invalid_date
56,Sita,Delhi,01-04-2024 00:00
214,Neha,Bangalore,01-03-2024
14,Amit,,01-01-2024
28,Sita,Hyderabad,invalid_date
78,Raj,Delhi,01-01-2024
216,Ram,Delhi,invalid_date
154,Neha,Delhi,01-02-2024
14,John,Bangalore,01-01-2024
187,Amit,Mumbai,01-02-2024
7,Sita,Delhi,01-01-2024
3,Ram,Delhi,01-03-2024
111,John,Kolkata,01-04-2024 00:00
238,Priya,Hyderabad,
239,Sita,Kolkata,
274,Sita,Kolkata,
294,John,Hyderabad,01-02-2024
227,Ram,Mumbai,invalid_date
15,Priya,Kolkata,
192,Raj,Mumbai,01-03-2024
119,Ram,Kolkata,
28,Neha,Chennai,01-01-2024
202,Amit,Hyderabad,01-02-2024
39,John,Kolkata,01-01-2024
273,Raj,Chennai,01-01-2024
231,Priya,Bangalore,01-01-2024
86,John,Chennai,01-04-2024 00:00
126,John,Delhi,01-04-2024 00:00
25,Ram,Kolkata,invalid_date
145,Amit,Chennai,01-02-2024
13,Neha,Mumbai,01-03-2024
212,Sita,Bangalore,01-03-2024
25,Sita,Kolkata,01-03-2024
68,John,Delhi,01-01-2024
67,Amit,Chennai,01-04-2024 00:00
233,Priya,,01-02-2024
109,Priya,Kolkata,01-01-2024
146,Raj,Bangalore,01-04-2024 00:00
111,Ram,Delhi,01-04-2024 00:00
228,Amit,Chennai,
111,Amit,Bangalore,
34,Ram,Bangalore,01-02-2024
111,Priya,Hyderabad,01-02-2024
264,Priya,Bangalore,01-02-2024
236,Priya,Hyderabad,01-01-2024
83,John,Chennai,invalid_date
42,Amit,Kolkata,01-02-2024
101,Sita,Kolkata,
6,Ram,Chennai,invalid_date
180,Priya,Chennai,01-01-2024
282,Raj,Mumbai,invalid_date
226,Priya,Chennai,01-03-2024
229,Priya,Bangalore,invalid_date
289,Neha,Kolkata,01-02-2024
150,John,Delhi,01-01-2024
277,Ram,Kolkata,01-02-2024
198,Neha,Hyderabad,
70,Neha,Kolkata,01-03-2024
112,Raj,Mumbai,
4,Amit,Chennai,01-02-2024
95,Raj,Chennai,01-02-2024
152,Amit,,01-02-2024
137,Amit,Delhi,01-04-2024 00:00
247,Ram,Delhi,01-03-2024
243,Priya,Mumbai,01-02-2024
31,Ram,Hyderabad,01-02-2024
40,John,Kolkata,
229,Amit,Chennai,
36,Neha,Kolkata,01-02-2024
223,Priya,Mumbai,01-01-2024
6,Sita,Bangalore,01-04-2024 00:00
220,John,Bangalore,
75,Ram,Mumbai,01-01-2024
4,Raj,Chennai,01-04-2024 00:00
134,John,Mumbai,01-02-2024
118,John,Chennai,01-03-2024
94,Priya,Delhi,invalid_date
62,John,Mumbai,invalid_date
194,John,Chennai,01-02-2024
203,Sita,Mumbai,
26,Raj,Mumbai,01-01-2024
173,Raj,Chennai,01-03-2024
133,Raj,Chennai,01-04-2024 00:00
118,Amit,Hyderabad,01-02-2024
275,Neha,Mumbai,01-03-2024
212,Raj,Bangalore,01-03-2024
225,John,Mumbai,
20,John,Mumbai,01-04-2024 00:00
113,Raj,Chennai,01-03-2024
140,Priya,Mumbai,
47,Raj,Kolkata,01-01-2024
1,John,Mumbai,
90,Amit,Kolkata,01-01-2024
142,Ram,Bangalore,01-01-2024
38,Ram,Chennai,01-03-2024
293,Raj,Mumbai,
139,Sita,Kolkata,01-01-2024
259,Raj,Kolkata,01-04-2024 00:00
161,Priya,Kolkata,01-03-2024
178,Raj,Delhi,
10,Ram,Hyderabad,
261,John,Bangalore,invalid_date
138,Raj,Mumbai,
172,John,Delhi,01-03-2024
13,John,Mumbai,01-04-2024 00:00
168,Sita,Mumbai,
130,John,Chennai,invalid_date
84,Ram,Chennai,01-03-2024
101,Amit,Chennai,01-01-2024
273,Amit,Delhi,01-02-2024
265,Neha,Mumbai,01-02-2024
38,Priya,Hyderabad,01-01-2024
94,Raj,,
95,Priya,Chennai,01-02-2024
69,Ram,Chennai,01-02-2024
236,John,Mumbai,01-01-2024
137,Amit,Mumbai,
76,Priya,Delhi,
35,Ram,Delhi,01-01-2024
1,Amit,Chennai,
296,John,Mumbai,
60,Priya,,01-03-2024
267,Amit,Bangalore,01-03-2024
229,Raj,Mumbai,01-01-2024
270,Raj,Mumbai,01-04-2024 00:00
286,Neha,Kolkata,01-02-2024
291,Neha,Delhi,01-03-2024
213,Amit,Bangalore,01-02-2024
165,Ram,Chennai,invalid_date
5,Raj,Mumbai,01-01-2024
78,Ram,Chennai,01-04-2024 00:00
62,Ram,Mumbai,invalid_date
132,Amit,Chennai,invalid_date
89,Ram,Bangalore,
237,Raj,Delhi,invalid_date
42,John,Bangalore,01-01-2024
89,Neha,,01-03-2024
296,John,Hyderabad,01-01-2024
295,Ram,Delhi,01-03-2024
104,John,Bangalore,invalid_date
14,Raj,Kolkata,invalid_date
288,Raj,Hyderabad,01-04-2024 00:00
179,Ram,Kolkata,01-03-2024
125,Amit,Mumbai,invalid_date
23,John,Mumbai,
63,Amit,Chennai,01-02-2024
143,Amit,Delhi,01-04-2024 00:00
153,Sita,Mumbai,01-01-2024
145,Ram,Kolkata,01-04-2024 00:00
225,Neha,Delhi,01-02-2024
104,Raj,Mumbai,01-03-2024
104,Raj,Chennai,01-01-2024
39,Ram,Bangalore,01-01-2024
198,Priya,Chennai,01-03-2024
134,Priya,Hyderabad,01-04-2024 00:00
67,Priya,Mumbai,invalid_date
179,Neha,Hyderabad,01-04-2024 00:00
42,Raj,Hyderabad,01-02-2024
15,Ram,Kolkata,
111,Raj,Delhi,invalid_date
157,Amit,Kolkata,01-04-2024 00:00
289,John,,
231,John,Hyderabad,
157,Raj,Bangalore,01-03-2024
38,Sita,Hyderabad,01-02-2024
97,Neha,Bangalore,01-02-2024
289,Priya,Kolkata,01-02-2024
254,Neha,Kolkata,invalid_date
196,Neha,Delhi,01-01-2024
86,Amit,Hyderabad,invalid_date
10,Neha,Chennai,01-04-2024 00:00
5,John,Kolkata,
123,Amit,Kolkata,
118,Ram,,01-01-2024
294,Neha,Bangalore,01-04-2024 00:00
159,Neha,Delhi,01-01-2024
228,Ram,Hyderabad,
216,Neha,Mumbai,invalid_date
184,Ram,Mumbai,01-02-2024
15,Amit,Bangalore,
157,John,Kolkata,01-03-2024
136,Ram,Bangalore,01-02-2024
261,Sita,Kolkata,
157,Ram,Kolkata,invalid_date
47,Neha,Mumbai,01-01-2024
173,Priya,Bangalore,01-02-2024
130,Priya,Delhi,invalid_date
95,Amit,Kolkata,01-04-2024 00:00
115,Raj,Chennai,01-03-2024
243,Amit,Chennai,01-02-2024
292,Raj,Delhi,01-01-2024
282,Priya,Chennai,01-04-2024 00:00
299,Priya,Hyderabad,invalid_date
283,Ram,Kolkata,01-03-2024
69,John,Delhi,01-01-2024
148,Sita,Bangalore,invalid_date
11,Amit,Kolkata,invalid_date
254,Neha,Delhi,01-02-2024
38,Raj,Mumbai,01-02-2024
134,Neha,Bangalore,01-01-2024
200,John,Mumbai,
23,Raj,Kolkata,
218,Amit,Bangalore,invalid_date
141,Ram,Chennai,01-02-2024
104,Neha,Delhi,01-03-2024
210,John,Kolkata,01-03-2024
111,Amit,Hyderabad,invalid_date
104,Priya,Bangalore,01-02-2024
171,Priya,Bangalore,01-01-2024
133,Amit,Kolkata,01-01-2024
293,Amit,Kolkata,01-01-2024
127,Amit,Mumbai,01-03-2024
106,Raj,Chennai,01-02-2024
92,Amit,Mumbai,01-02-2024
287,Neha,Mumbai,01-03-2024
51,John,Chennai,01-01-2024
29,Raj,Hyderabad,01-01-2024
296,Amit,Mumbai,invalid_date
297,Sita,Mumbai,
214,Sita,Bangalore,01-04-2024 00:00
267,John,Chennai,
257,Priya,,01-02-2024
101,Ram,Hyderabad,01-02-2024
110,Ram,Hyderabad,01-02-2024
182,Priya,Chennai,
1,Raj,Kolkata,01-04-2024 00:00
55,Raj,Kolkata,invalid_date
149,Raj,Bangalore,
137,Ram,Bangalore,01-04-2024 00:00
202,Sita,Chennai,01-01-2024
117,Ram,Bangalore,01-01-2024
154,Neha,Hyderabad,01-02-2024
291,Amit,Hyderabad,01-03-2024
63,Raj,Delhi,01-02-2024
244,Sita,Kolkata,01-03-2024
25,John,Chennai,01-04-2024 00:00
90,John,Mumbai,01-01-2024
75,Amit,Kolkata,
294,Sita,Mumbai,01-03-2024
210,Ram,Delhi,01-04-2024 00:00
17,Ram,Delhi,01-01-2024
128,Neha,Bangalore,
251,Neha,Delhi,01-03-2024
179,Ram,,01-02-2024
182,John,Mumbai,01-02-2024
152,Raj,Bangalore,01-02-2024
25,John,Delhi,01-04-2024 00:00
180,Neha,Kolkata,01-02-2024
198,Amit,Delhi,invalid_date
161,Ram,Bangalore,01-01-2024
177,Neha,Chennai,01-04-2024 00:00
285,Neha,Bangalore,
63,Raj,Mumbai,01-02-2024
150,Ram,Chennai,01-01-2024
154,Raj,Kolkata,01-03-2024
156,Ram,Hyderabad,01-02-2024
49,Raj,Bangalore,01-01-2024
84,John,Mumbai,invalid_date
177,Amit,Kolkata,01-03-2024
148,Amit,Chennai,invalid_date
118,Ram,Kolkata,
63,Sita,Bangalore,01-01-2024
189,Priya,Delhi,invalid_date
49,Neha,Bangalore,
257,Neha,Hyderabad,01-01-2024
224,Ram,Bangalore,01-01-2024
141,Raj,Chennai,invalid_date
215,Sita,Chennai,01-01-2024
211,John,Bangalore,01-02-2024
32,Raj,Chennai,01-01-2024
158,Raj,Delhi,01-04-2024 00:00
285,Ram,Kolkata,
286,Ram,Bangalore,01-01-2024
144,Neha,Delhi,01-04-2024 00:00
19,Ram,Kolkata,01-01-2024
18,Ram,Kolkata,01-01-2024
257,Ram,Delhi,invalid_date
78,Neha,Mumbai,01-02-2024
175,John,Bangalore,
194,John,,01-02-2024
113,Priya,Kolkata,01-03-2024
114,Priya,Chennai,invalid_date
222,Ram,Kolkata,invalid_date
166,Priya,Delhi,01-02-2024
132,Neha,Kolkata,invalid_date
264,John,Mumbai,01-02-2024
55,Raj,Bangalore,invalid_date
131,John,,01-01-2024
288,John,Kolkata,01-02-2024
266,Neha,Hyderabad,01-02-2024
162,Priya,Hyderabad,01-04-2024 00:00
87,Raj,Delhi,invalid_date
55,Neha,Hyderabad,invalid_date
288,Ram,Delhi,01-02-2024
178,Amit,Chennai,01-01-2024
8,John,Delhi,01-01-2024
247,Amit,Hyderabad,
255,Neha,Kolkata,01-01-2024
54,Neha,Chennai,invalid_date
249,Neha,Hyderabad,01-04-2024 00:00
239,Amit,Delhi,01-02-2024
229,Neha,Mumbai,01-03-2024
67,Ram,Bangalore,01-04-2024 00:00
51,Neha,Hyderabad,01-03-2024
97,Sita,Delhi,01-04-2024 00:00
92,Priya,Chennai,01-01-2024
264,Amit,Hyderabad,invalid_date
291,Sita,Hyderabad,01-03-2024
96,Neha,Bangalore,01-04-2024 00:00
88,Ram,Delhi,invalid_date
78,John,Mumbai,01-03-2024
288,Raj,Chennai,01-02-2024
120,Priya,Delhi,01-04-2024 00:00
165,Raj,Chennai,01-02-2024
182,Neha,Hyderabad,01-01-2024
223,Priya,Bangalore,01-02-2024
7,Priya,Bangalore,01-02-2024
263,Ram,Kolkata,
161,Priya,Mumbai,01-04-2024 00:00
151,Amit,Bangalore,01-01-2024
85,Sita,Hyderabad,01-02-2024
147,Sita,Mumbai,invalid_date
112,Sita,Delhi,01-03-2024
36,Amit,Bangalore,01-02-2024
285,Raj,Mumbai,01-01-2024
188,Ram,Hyderabad,01-02-2024
82,Priya,Kolkata,01-03-2024
2,Amit,Chennai,01-01-2024
197,Sita,Chennai,01-04-2024 00:00
11,Neha,Hyderabad,01-01-2024
234,John,Hyderabad,01-04-2024 00:00
195,Priya,Chennai,01-01-2024
119,Amit,Kolkata,01-03-2024
20,Amit,Mumbai,01-03-2024
261,Ram,Chennai,01-01-2024
293,Ram,Hyderabad,01-02-2024
256,Amit,Bangalore,01-03-2024
222,Sita,Delhi,01-04-2024 00:00
226,John,Kolkata,01-04-2024 00:00
53,Priya,,invalid_date
280,Ram,Bangalore,
81,Priya,Bangalore,
202,Sita,Hyderabad,
158,Priya,Chennai,01-04-2024 00:00
120,Neha,Mumbai,invalid_date
59,Ram,Kolkata,
215,Sita,Kolkata,
128,Sita,Bangalore,01-01-2024
224,John,,01-01-2024
209,John,Kolkata,01-01-2024
115,Neha,Mumbai,01-02-2024
209,Sita,Bangalore,
14,Raj,Mumbai,01-02-2024
9,Sita,Chennai,invalid_date
40,John,Kolkata,01-04-2024 00:00
237,Raj,,
281,Ram,Kolkata,01-04-2024 00:00
201,Ram,Chennai,01-01-2024
246,Priya,Kolkata,
278,Amit,Kolkata,01-03-2024
235,John,Hyderabad,01-02-2024
4,Amit,Kolkata,01-02-2024
154,Raj,Kolkata,
29,John,Mumbai,01-01-2024
109,Neha,Delhi,01-02-2024
98,Sita,Mumbai,01-01-2024
215,Neha,Mumbai,invalid_date
293,Raj,Bangalore,01-04-2024 00:00
75,John,Hyderabad,01-03-2024
146,Raj,Mumbai,01-04-2024 00:00
128,Sita,,01-04-2024 00:00
42,Ram,Chennai,invalid_date
41,Ram,Kolkata,01-02-2024
34,Raj,Bangalore,01-03-2024
17,Amit,Hyderabad,01-02-2024
165,John,Hyderabad,
153,John,Kolkata,01-04-2024 00:00
76,Ram,Chennai,
87,Priya,Delhi,01-01-2024
117,Neha,Bangalore,01-04-2024 00:00
27,Priya,Kolkata,01-02-2024
287,Sita,Bangalore,01-04-2024 00:00
134,Neha,Chennai,01-01-2024
219,Neha,Chennai,invalid_date
168,Raj,Delhi,
98,Ram,Delhi,
268,Priya,Hyderabad,01-02-2024
237,Priya,Bangalore,01-04-2024 00:00
173,Ram,Bangalore,01-02-2024
190,Priya,Chennai,invalid_date
122,Ram,Hyderabad,01-04-2024 00:00
46,Raj,Kolkata,01-04-2024 00:00
64,Amit,Bangalore,01-02-2024
130,Neha,Hyderabad,01-02-2024
193,Raj,Hyderabad,01-01-2024
181,John,Chennai,invalid_date
292,Sita,Hyderabad,01-01-2024
282,Amit,Delhi,
29,John,Delhi,01-04-2024 00:00
149,Neha,,01-02-2024
267,Priya,Chennai,01-04-2024 00:00
296,Ram,Kolkata,01-04-2024 00:00
11,Neha,Mumbai,01-03-2024
164,Raj,Delhi,
113,Sita,Mumbai,01-03-2024
187,Raj,Chennai,01-04-2024 00:00
295,Amit,Chennai,01-02-2024
232,Amit,Hyderabad,01-04-2024 00:00
227,Sita,,
98,John,Hyderabad,01-03-2024
55,John,Chennai,01-02-2024
111,Amit,Delhi,01-04-2024 00:00
152,Amit,Kolkata,invalid_date
246,Priya,Delhi,
69,Ram,Hyderabad,
289,Priya,Kolkata,invalid_date
250,Priya,Chennai,01-04-2024 00:00
36,John,Delhi,
239,Sita,Chennai,01-02-2024
148,John,Kolkata,01-04-2024 00:00
227,Ram,Kolkata,01-04-2024 00:00
244,Raj,Delhi,01-03-2024
201,Amit,Chennai,
154,Amit,Mumbai,
73,Ram,Chennai,invalid_date
201,Priya,Kolkata,01-03-2024
296,Sita,,01-03-2024
17,Amit,Hyderabad,
129,Neha,Mumbai,01-04-2024 00:00
217,Priya,Bangalore,01-03-2024
61,Amit,Hyderabad,invalid_date
104,Neha,Bangalore,01-03-2024
42,Ram,Delhi,invalid_date
25,Ram,Bangalore,01-03-2024
39,Priya,Chennai,invalid_date
291,Amit,Bangalore,01-03-2024
131,John,Kolkata,01-03-2024
229,Neha,Hyderabad,01-02-2024
108,Sita,Hyderabad,invalid_date
172,Amit,Bangalore,invalid_date
102,Sita,Hyderabad,invalid_date
12,Amit,Kolkata,01-01-2024
275,John,Hyderabad,01-03-2024
101,John,Bangalore,invalid_date
44,Priya,Mumbai,
17,Priya,Mumbai,01-01-2024
57,John,Delhi,01-02-2024
12,Raj,Hyderabad,invalid_date
80,John,Bangalore,invalid_date
216,Ram,Hyderabad,01-01-2024
264,Ram,Chennai,01-03-2024
149,Raj,Kolkata,
81,Neha,Hyderabad,01-02-2024
215,Sita,Hyderabad,invalid_date
198,Amit,Mumbai,01-03-2024
200,Amit,Kolkata,
25,Raj,Bangalore,
89,Ram,Hyderabad,01-02-2024
268,Priya,Mumbai,01-04-2024 00:00
143,Amit,Delhi,
59,Ram,Kolkata,01-04-2024 00:00
26,Neha,Mumbai,
47,Sita,Mumbai,01-02-2024
288,Neha,Mumbai,01-01-2024
266,Raj,Hyderabad,01-02-2024
16,John,Hyderabad,01-02-2024
199,John,Delhi,01-01-2024
282,John,Chennai,01-01-2024
86,Neha,Chennai,01-03-2024
250,Amit,Chennai,
270,Sita,Kolkata,01-03-2024
117,John,Kolkata,01-01-2024
7,Raj,Delhi,01-04-2024 00:00
137,Raj,Kolkata,01-04-2024 00:00
176,John,Chennai,01-02-2024
215,John,Chennai,invalid_date
82,Sita,Mumbai,01-02-2024
223,John,Kolkata,01-02-2024
103,Sita,Hyderabad,invalid_date
273,Raj,Hyderabad,
14,John,Mumbai,01-01-2024
159,Neha,Mumbai,01-04-2024 00:00
152,Priya,Mumbai,01-02-2024
108,Neha,Hyderabad,invalid_date
188,Raj,,01-03-2024
98,Sita,,01-02-2024
131,Neha,Delhi,01-04-2024 00:00
293,Sita,Mumbai,01-01-2024
171,Neha,Bangalore,01-02-2024
183,Neha,Mumbai,01-02-2024
39,Sita,Hyderabad,
15,Amit,Kolkata,invalid_date
4,Neha,Mumbai,01-03-2024
210,John,Kolkata,01-03-2024
161,Priya,Bangalore,01-01-2024
16,Raj,Delhi,01-04-2024 00:00
108,Amit,Kolkata,01-01-2024
227,Sita,Chennai,01-02-2024
170,Amit,Mumbai,01-02-2024
34,Ram,Bangalore,01-03-2024
251,Ram,,01-04-2024 00:00
247,Neha,Kolkata,invalid_date
269,Neha,Delhi,01-04-2024 00:00
141,John,Hyderabad,01-02-2024
274,Priya,Mumbai,invalid_date
96,Raj,Bangalore,01-04-2024 00:00
227,Amit,Delhi,01-04-2024 00:00
39,Ram,Chennai,invalid_date
29,Neha,Bangalore,01-02-2024
245,Raj,Delhi,01-04-2024 00:00
236,Amit,Hyderabad,invalid_date
185,Neha,Hyderabad,
272,Neha,Bangalore,
236,Ram,Bangalore,01-02-2024
239,Ram,,invalid_date
266,Neha,Mumbai,
65,Sita,Delhi,invalid_date
177,Neha,Bangalore,01-04-2024 00:00
3,Raj,,01-02-2024
142,Neha,Kolkata,
158,John,Mumbai,01-04-2024 00:00
146,Priya,Bangalore,01-01-2024
293,John,Hyderabad,01-01-2024
153,John,Delhi,01-02-2024
193,Sita,Delhi,
73,Sita,Hyderabad,
140,Neha,Bangalore,
187,John,Delhi,invalid_date
293,Sita,Bangalore,01-04-2024 00:00
61,Ram,Kolkata,
198,Neha,Bangalore,01-04-2024 00:00
295,Raj,Mumbai,01-02-2024
11,Priya,Hyderabad,
62,Amit,Bangalore,01-02-2024
226,Neha,Kolkata,
153,Amit,Chennai,01-01-2024
199,John,Hyderabad,01-03-2024
52,Priya,Delhi,01-02-2024
260,Amit,Mumbai,
59,John,Delhi,01-03-2024
72,Ram,Kolkata,01-02-2024
148,Amit,Kolkata,invalid_date
63,Priya,Delhi,
243,Neha,Hyderabad,invalid_date
107,John,Delhi,01-01-2024
226,Neha,Bangalore,
218,Priya,,01-01-2024
241,Sita,Mumbai,01-03-2024
259,John,Mumbai,01-02-2024
262,Amit,Chennai,01-04-2024 00:00
5,John,Mumbai,01-01-2024
261,Neha,Delhi,01-04-2024 00:00
54,Ram,Mumbai,01-04-2024 00:00
47,John,Hyderabad,01-02-2024
215,Amit,,01-03-2024
177,Sita,Bangalore,01-02-2024
9,Raj,Hyderabad,
99,Ram,Chennai,01-01-2024
20,Sita,Bangalore,01-04-2024 00:00
241,John,Delhi,01-02-2024
61,Neha,Delhi,01-02-2024
178,Priya,Delhi,01-02-2024
62,Neha,Bangalore,01-01-2024
145,Amit,Bangalore,01-03-2024
216,Neha,Bangalore,01-02-2024
3,Ram,Hyderabad,01-01-2024
160,Neha,Kolkata,01-04-2024 00:00
227,Amit,Hyderabad,
269,Raj,Delhi,invalid_date
120,John,Kolkata,01-01-2024
89,Priya,Mumbai,invalid_date
68,John,Delhi,01-02-2024
98,Neha,Chennai,01-02-2024
267,Sita,Hyderabad,01-01-2024
105,John,Bangalore,invalid_date
123,Raj,Hyderabad,01-02-2024
29,Neha,Bangalore,01-04-2024 00:00
137,Priya,Kolkata,01-03-2024
195,Amit,Chennai,01-03-2024
226,Raj,Kolkata,01-02-2024
170,Neha,Chennai,invalid_date
9,Raj,Hyderabad,
40,John,Bangalore,01-02-2024
25,Priya,Kolkata,
261,Amit,Chennai,
226,Neha,Delhi,invalid_date
124,Ram,Delhi,
38,Amit,Kolkata,01-04-2024 00:00
251,Ram,Bangalore,invalid_date
176,Raj,Kolkata,01-02-2024
90,Sita,Hyderabad,01-04-2024 00:00
37,Amit,Chennai,01-01-2024
176,Raj,Hyderabad,01-03-2024
284,Ram,Delhi,01-02-2024
81,John,Chennai,01-02-2024
114,John,Kolkata,01-02-2024
40,Sita,Hyderabad,01-04-2024 00:00
224,Amit,Mumbai,01-01-2024
115,Amit,Bangalore,invalid_date
186,Amit,Bangalore,01-01-2024
56,Raj,Mumbai,01-04-2024 00:00
40,Priya,Delhi,01-02-2024
40,Priya,Chennai,01-03-2024
237,Sita,Bangalore,01-02-2024
289,Amit,Mumbai,invalid_date
262,Raj,Kolkata,
216,John,Mumbai,01-03-2024
147,Ram,Delhi,01-02-2024
168,Raj,Delhi,01-03-2024
92,Priya,Hyderabad,
59,Priya,Bangalore,01-01-2024
59,John,Hyderabad,01-04-2024 00:00
169,John,Mumbai,01-02-2024
269,Ram,Chennai,invalid_date
45,John,Chennai,01-01-2024
181,Sita,Delhi,01-02-2024
170,Ram,Chennai,01-01-2024
191,John,Chennai,invalid_date
155,Neha,Chennai,01-02-2024
188,Raj,Mumbai,
7,John,Chennai,
133,Sita,Kolkata,invalid_date
235,Amit,Chennai,01-03-2024
45,John,Chennai,invalid_date
249,Priya,Hyderabad,01-03-2024
31,Priya,Mumbai,01-02-2024
23,Priya,Delhi,01-03-2024
160,Amit,Hyderabad,01-02-2024
158,Priya,Bangalore,01-02-2024
39,Neha,Mumbai,01-04-2024 00:00
82,John,Kolkata,01-02-2024
258,Priya,Mumbai,01-03-2024
206,Ram,Bangalore,01-04-2024 00:00
77,Amit,Bangalore,01-04-2024 00:00
12,Neha,Bangalore,01-02-2024
295,Ram,Delhi,invalid_date
224,Ram,Chennai,invalid_date
13,Ram,Mumbai,
46,Ram,Chennai,01-04-2024 00:00
155,John,,01-02-2024
113,Priya,Kolkata,invalid_date
233,Raj,Bangalore,01-02-2024
17,John,Delhi,01-02-2024
223,John,Kolkata,01-04-2024 00:00
188,Neha,Hyderabad,
163,Neha,Delhi,01-04-2024 00:00
74,Priya,Chennai,01-01-2024
233,Raj,Delhi,invalid_date
224,Neha,Bangalore,invalid_date
60,Priya,Hyderabad,invalid_date
222,Priya,Bangalore,01-03-2024
37,Sita,Hyderabad,01-02-2024
278,Raj,Kolkata,01-04-2024 00:00
196,Neha,Chennai,invalid_date
242,Raj,Hyderabad,01-01-2024
219,John,Hyderabad,invalid_date
192,John,Hyderabad,
17,Raj,Delhi,01-02-2024
12,Sita,Kolkata,01-02-2024
193,Sita,Delhi,01-04-2024 00:00
22,Raj,Chennai,01-03-2024
120,Neha,Hyderabad,01-04-2024 00:00
210,Amit,Kolkata,invalid_date
270,Sita,Kolkata,
192,Ram,Mumbai,01-01-2024
175,John,Chennai,01-04-2024 00:00
285,Raj,Kolkata,01-03-2024
204,Ram,Hyderabad,01-04-2024 00:00
164,Raj,Hyderabad,01-02-2024
251,Priya,Kolkata,invalid_date
227,John,Delhi,invalid_date
7,John,Chennai,invalid_date
29,Sita,Hyderabad,invalid_date
33,Sita,Kolkata,invalid_date
134,Ram,Hyderabad,invalid_date
79,Priya,Kolkata,01-01-2024
58,Raj,Chennai,01-03-2024
26,Priya,Kolkata,invalid_date
226,John,Mumbai,01-03-2024
285,Ram,Kolkata,
4,Amit,Kolkata,invalid_date
99,Ram,Chennai,01-04-2024 00:00
39,Neha,Kolkata,invalid_date
271,Ram,Chennai,01-02-2024
285,Priya,Mumbai,01-01-2024
157,Neha,Chennai,01-04-2024 00:00
75,Neha,Hyderabad,01-04-2024 00:00
288,Neha,Chennai,01-02-2024
130,Amit,Mumbai,invalid_date
175,Ram,Bangalore,01-01-2024
84,Priya,Kolkata,01-04-2024 00:00
22,Ram,,01-01-2024
27,Amit,Kolkata,01-04-2024 00:00
195,John,Delhi,invalid_date
236,Sita,Hyderabad,
92,Priya,Hyderabad,01-04-2024 00:00
21,Priya,Delhi,
84,Ram,Delhi,01-04-2024 00:00
262,Sita,Chennai,01-03-2024
147,Raj,Delhi,invalid_date
257,Raj,Bangalore,01-02-2024
58,Amit,Kolkata,
15,Raj,Kolkata,01-02-2024
162,Priya,Mumbai,invalid_date
163,Raj,,01-02-2024
281,John,Delhi,invalid_date
280,John,Bangalore,01-02-2024
12,John,Hyderabad,
274,Raj,Hyderabad,01-03-2024
271,Amit,Kolkata,01-02-2024
208,Neha,Kolkata,
27,Neha,,01-04-2024 00:00
72,Sita,Bangalore,invalid_date
60,Neha,Mumbai,01-01-2024
145,Neha,Mumbai,01-01-2024
93,John,Bangalore,invalid_date
8,John,Mumbai,01-03-2024
79,Raj,Hyderabad,01-02-2024
27,Sita,,01-03-2024
174,Ram,Mumbai,01-01-2024
50,Priya,Bangalore,
199,Sita,Bangalore,invalid_date
181,Sita,,invalid_date
24,Amit,Delhi,01-03-2024
46,Raj,Bangalore,
15,Amit,Chennai,01-03-2024
153,Sita,Chennai,01-02-2024
222,Sita,Hyderabad,01-04-2024 00:00
206,Sita,Mumbai,
273,Neha,Delhi,01-04-2024 00:00
236,Priya,Hyderabad,01-02-2024
228,Priya,Mumbai,01-04-2024 00:00
9,Amit,Bangalore,01-01-2024
166,Sita,Chennai,01-04-2024 00:00
214,Priya,Kolkata,01-02-2024
117,John,Delhi,01-04-2024 00:00
72,Priya,Kolkata,invalid_date
64,Raj,Chennai,01-03-2024
205,Raj,Kolkata,01-01-2024
209,Priya,,invalid_date
72,John,Mumbai,invalid_date
277,Raj,Bangalore,01-02-2024
274,Neha,Kolkata,01-03-2024
95,Priya,Bangalore,01-03-2024
166,Neha,Chennai,
32,Priya,,01-01-2024
11,Ram,Bangalore,01-02-2024
217,Ram,Chennai,01-01-2024
289,Ram,Delhi,
102,Raj,Mumbai,01-04-2024 00:00
267,Neha,Kolkata,invalid_date
214,Neha,Mumbai,01-01-2024
179,Neha,Hyderabad,invalid_date
88,John,Chennai,01-02-2024
41,Neha,Delhi,01-04-2024 00:00
76,John,Bangalore,01-02-2024
46,Ram,Mumbai,01-04-2024 00:00
160,Ram,Delhi,01-04-2024 00:00
80,Raj,Chennai,invalid_date
86,Priya,Hyderabad,01-02-2024
92,Ram,Mumbai,01-02-2024
148,Priya,Kolkata,01-01-2024
161,Priya,Delhi,01-02-2024
202,Raj,Kolkata,01-01-2024
242,Sita,Delhi,01-03-2024
2,Sita,Delhi,01-03-2024
225,Amit,Chennai,01-03-2024
289,Raj,Chennai,
233,Amit,Chennai,01-02-2024
77,Amit,Bangalore,
116,Sita,Delhi,01-02-2024
154,Raj,Mumbai,01-01-2024
103,Sita,Kolkata,
194,Amit,Chennai,
166,Raj,Chennai,
90,Amit,Kolkata,01-04-2024 00:00
174,Neha,Kolkata,01-01-2024
122,Priya,Delhi,01-03-2024
143,Raj,Chennai,01-01-2024
106,Raj,Kolkata,01-04-2024 00:00
123,Priya,Bangalore,01-02-2024
9,Amit,Bangalore,01-01-2024
262,Neha,Chennai,
73,John,Kolkata,01-03-2024
223,Priya,Delhi,01-03-2024
41,Sita,Delhi,01-02-2024
204,Amit,Delhi,01-01-2024
264,Priya,Hyderabad,01-04-2024 00:00
178,Priya,Chennai,01-02-2024
84,Raj,Delhi,01-01-2024
111,Sita,Bangalore,invalid_date
251,Sita,Kolkata,01-03-2024
7,Sita,Mumbai,01-04-2024 00:00
84,Priya,Mumbai,
208,John,Delhi,01-04-2024 00:00
22,Ram,,
3,Amit,Mumbai,01-04-2024 00:00
127,Ram,Hyderabad,01-03-2024
297,Priya,Bangalore,
188,Ram,Bangalore,01-01-2024
14,Priya,Hyderabad,
12,Ram,Hyderabad,01-02-2024
87,Sita,Mumbai,01-01-2024
12,Neha,Chennai,01-02-2024
25,Sita,Kolkata,01-04-2024 00:00
243,Sita,Kolkata,01-01-2024
122,Raj,Mumbai,01-04-2024 00:00
147,Raj,Kolkata,invalid_date
55,Ram,Hyderabad,01-04-2024 00:00
238,Priya,Bangalore,01-04-2024 00:00
173,Sita,Kolkata,01-02-2024
221,Ram,Mumbai,
119,Raj,Chennai,invalid_date
183,Neha,Mumbai,01-04-2024 00:00
288,Amit,Delhi,01-04-2024 00:00
82,Ram,Mumbai,invalid_date
211,Neha,Hyderabad,invalid_date
150,Amit,Bangalore,01-01-2024
37,John,Bangalore,01-02-2024
59,Ram,Kolkata,invalid_date
131,Ram,Hyderabad,invalid_date
202,John,Delhi,01-03-2024
243,John,Hyderabad,
35,Ram,Mumbai,invalid_date
93,John,Hyderabad,01-02-2024
207,Sita,Hyderabad,
213,Amit,Delhi,
159,Amit,Mumbai,01-04-2024 00:00
24,Amit,Chennai,01-04-2024 00:00
293,Sita,Chennai,01-04-2024 00:00
4,Priya,Bangalore,01-04-2024 00:00
220,John,Kolkata,01-03-2024
20,Neha,Hyderabad,invalid_date
152,John,Bangalore,01-04-2024 00:00
50,Ram,Delhi,01-01-2024
177,Raj,Chennai,01-04-2024 00:00
96,Amit,Hyderabad,invalid_date
105,John,Delhi,01-04-2024 00:00
250,Neha,,01-03-2024
117,Ram,Delhi,01-02-2024
228,Sita,Hyderabad,01-02-2024
66,Priya,Kolkata,invalid_date
262,Sita,Delhi,01-02-2024
295,Neha,Kolkata,01-02-2024
243,Ram,Hyderabad,01-01-2024
186,Amit,Hyderabad,invalid_date
246,John,Kolkata,invalid_date
125,Ram,Mumbai,01-02-2024
268,Priya,Bangalore,01-02-2024
131,Sita,Delhi,01-02-2024
237,Priya,Delhi,
18,Priya,Mumbai,01-03-2024
40,Neha,Mumbai,01-04-2024 00:00
21,Neha,Mumbai,01-03-2024
225,John,Chennai,invalid_date
282,Neha,Chennai,01-01-2024
8,Neha,Kolkata,01-04-2024 00:00
100,Ram,Chennai,01-01-2024
240,Amit,Hyderabad,
87,John,Kolkata,invalid_date
298,Ram,Delhi,
14,Amit,Bangalore,invalid_date
2,Priya,Hyderabad,01-01-2024
293,Ram,Delhi,01-01-2024
41,Raj,Delhi,01-01-2024
111,Ram,Kolkata,invalid_date
14,Neha,Mumbai,01-02-2024
231,Amit,Mumbai,01-01-2024
84,John,Hyderabad,
130,John,Mumbai,01-04-2024 00:00
231,Amit,Delhi,invalid_date
145,Neha,Mumbai,
28,Sita,Chennai,01-03-2024
66,Ram,Mumbai,01-03-2024
163,Neha,Delhi,01-04-2024 00:00
229,Raj,Kolkata,01-02-2024
261,Priya,Hyderabad,01-01-2024
164,Amit,Bangalore,invalid_date
287,Ram,Mumbai,
10,John,Delhi,01-01-2024
195,Priya,Bangalore,
118,Sita,,invalid_date
270,Raj,Chennai,01-03-2024
80,John,Bangalore,01-01-2024
93,Amit,Kolkata,01-04-2024 00:00
266,Ram,Delhi,01-02-2024
257,Amit,Delhi,01-04-2024 00:00
133,Priya,Mumbai,01-02-2024
276,Ram,Mumbai,
264,Neha,Mumbai,01-01-2024
171,Sita,Kolkata,01-01-2024
1,Neha,Bangalore,01-02-2024
64,Neha,Bangalore,01-03-2024
284,Amit,Chennai,invalid_date
121,Priya,Kolkata,01-04-2024 00:00
107,Sita,Mumbai,
175,Ram,Hyderabad,01-04-2024 00:00
204,Ram,Chennai,01-04-2024 00:00
165,Raj,Hyderabad,
120,John,Bangalore,
44,Raj,Chennai,01-01-2024
156,Raj,Chennai,01-04-2024 00:00
207,Ram,Delhi,invalid_date
108,Amit,Bangalore,invalid_date
251,Neha,Bangalore,01-02-2024
130,Priya,Kolkata,
293,Neha,,01-01-2024
20,Neha,Bangalore,invalid_date
282,Sita,Chennai,01-03-2024
285,Ram,Kolkata,01-01-2024
1,Priya,Kolkata,01-01-2024
119,Amit,Delhi,invalid_date
35,Sita,Chennai,01-03-2024
198,John,Bangalore,01-02-2024
245,Amit,Bangalore,invalid_date
59,Raj,Chennai,01-03-2024
161,Amit,Chennai,01-01-2024
179,Amit,Chennai,01-03-2024
206,Neha,Mumbai,01-01-2024
12,Amit,Bangalore,invalid_date
276,Raj,Kolkata,
181,Raj,Bangalore,invalid_date
242,Ram,Mumbai,01-04-2024 00:00
216,Amit,Chennai,01-04-2024 00:00
251,Neha,Delhi,01-04-2024 00:00
299,Amit,Chennai,invalid_date
126,John,Chennai,01-02-2024
217,John,Mumbai,invalid_date
285,Neha,Bangalore,
185,Ram,Chennai,01-03-2024
39,Ram,Bangalore,invalid_date
223,Raj,Hyderabad,invalid_date
184,Raj,Kolkata,01-01-2024
178,Sita,Bangalore,01-01-2024
294,Neha,Delhi,01-01-2024
151,Amit,Kolkata,invalid_date
126,Priya,Delhi,01-02-2024
234,Neha,Chennai,01-03-2024
8,Sita,Kolkata,01-03-2024
129,Raj,Bangalore,
264,Neha,Kolkata,01-02-2024
157,Neha,Chennai,01-02-2024
5,Raj,Mumbai,01-03-2024
86,Sita,Delhi,01-04-2024 00:00
175,Raj,Chennai,01-01-2024
290,Ram,Mumbai,01-01-2024
193,Amit,Kolkata,01-03-2024
119,Raj,Kolkata,01-02-2024
218,Sita,Chennai,
114,John,Bangalore,01-04-2024 00:00
145,Ram,Kolkata,01-03-2024
26,John,Bangalore,01-01-2024
136,Priya,Bangalore,invalid_date
232,Raj,Bangalore,01-02-2024
76,Ram,Hyderabad,invalid_date
289,Amit,Mumbai,
1,Raj,Mumbai,01-03-2024
147,Amit,Kolkata,01-01-2024
287,Neha,Kolkata,01-04-2024 00:00
142,John,Bangalore,invalid_date
53,Ram,Hyderabad,01-04-2024 00:00
69,Amit,Bangalore,
90,Sita,Hyderabad,01-01-2024
220,Amit,,invalid_date
192,Sita,Delhi,
63,Raj,Delhi,01-04-2024 00:00
73,Ram,Chennai,01-04-2024 00:00
161,Amit,Bangalore,invalid_date
169,Priya,Kolkata,01-01-2024
89,Amit,Mumbai,01-04-2024 00:00
176,Priya,Chennai,01-03-2024
269,Ram,Kolkata,
73,Amit,Delhi,invalid_date
245,Sita,Bangalore,01-02-2024
77,Amit,Chennai,01-02-2024
159,John,Bangalore,01-01-2024
98,Raj,Delhi,01-03-2024
102,Neha,Chennai,01-04-2024 00:00
132,Sita,Delhi,01-02-2024
102,John,Hyderabad,01-01-2024
19,Priya,Delhi,
82,Raj,Bangalore,01-03-2024
279,Ram,Mumbai,01-03-2024
129,Sita,Delhi,01-01-2024
89,Neha,Kolkata,01-01-2024
213,Raj,Mumbai,01-04-2024 00:00
143,Priya,,01-01-2024
65,Neha,Chennai,01-04-2024 00:00
76,Ram,Chennai,01-04-2024 00:00
199,Ram,Mumbai,invalid_date
143,Priya,Chennai,01-03-2024
93,Sita,Delhi,
224,Priya,Mumbai,01-03-2024
291,Amit,Bangalore,01-03-2024
102,Ram,Delhi,invalid_date
267,Raj,,01-04-2024 00:00
110,Amit,Delhi,01-04-2024 00:00
265,John,Bangalore,01-01-2024
3,Neha,,invalid_date
85,Amit,Kolkata,01-01-2024
282,Neha,Chennai,invalid_date
117,Priya,Mumbai,01-01-2024
221,Amit,,01-02-2024
154,Priya,Mumbai,01-03-2024
153,John,Chennai,01-03-2024
12,Ram,Bangalore,
133,John,Delhi,01-04-2024 00:00
293,Ram,Delhi,
228,Priya,Bangalore,01-02-2024
271,Ram,Hyderabad,
43,Neha,Hyderabad,01-03-2024
21,Raj,Mumbai,01-04-2024 00:00
107,John,Bangalore,01-02-2024
117,Amit,Hyderabad,01-03-2024
124,John,Bangalore,01-01-2024
281,Neha,Chennai,invalid_date
292,Ram,Delhi,01-02-2024
203,Neha,Delhi,01-04-2024 00:00
51,Sita,Delhi,
271,Sita,Bangalore,
277,Amit,Bangalore,01-02-2024
141,Neha,Mumbai,01-04-2024 00:00
275,Priya,Delhi,01-02-2024
290,Amit,Mumbai,01-04-2024 00:00
52,Priya,Delhi,
27,Amit,Mumbai,01-03-2024
157,Sita,Mumbai,01-01-2024
239,Amit,Chennai,01-03-2024
156,Sita,Mumbai,01-01-2024
291,Ram,Bangalore,
136,Priya,Mumbai,01-03-2024
144,Neha,Delhi,01-03-2024
106,Amit,Mumbai,01-02-2024
158,Sita,Hyderabad,invalid_date
146,John,Kolkata,
2,Priya,Delhi,01-04-2024 00:00
77,Amit,Hyderabad,
132,Raj,Delhi,01-04-2024 00:00
90,Ram,Bangalore,01-04-2024 00:00
263,Ram,Kolkata,01-01-2024
108,John,Kolkata,01-04-2024 00:00
74,Sita,Bangalore,01-04-2024 00:00
39,Amit,Kolkata,01-02-2024
159,Priya,Bangalore,01-03-2024
71,Sita,Hyderabad,
241,Ram,Chennai,
298,Sita,Delhi,01-04-2024 00:00
36,Ram,Bangalore,invalid_date
84,Sita,Delhi,
263,John,Hyderabad,01-04-2024 00:00
172,Neha,Chennai,01-01-2024
173,John,Hyderabad,01-01-2024
47,John,Kolkata,01-01-2024
141,Neha,Delhi,01-04-2024 00:00
118,Neha,Chennai,01-02-2024
277,Amit,Kolkata,invalid_date
214,Priya,Chennai,01-04-2024 00:00
220,Priya,Kolkata,01-02-2024
26,Amit,Hyderabad,01-02-2024
9,John,Bangalore,
271,John,Delhi,01-04-2024 00:00
10,Ram,Mumbai,01-04-2024 00:00
121,Ram,Mumbai,01-02-2024
125,Priya,,01-02-2024
170,Amit,Delhi,01-02-2024
72,Raj,Delhi,
152,Raj,Hyderabad,01-04-2024 00:00
208,Amit,Delhi,01-02-2024
49,Ram,Bangalore,01-01-2024
154,Priya,Hyderabad,01-04-2024 00:00
293,Priya,Bangalore,
68,Ram,Delhi,01-01-2024
50,Raj,Hyderabad,01-03-2024
152,Sita,Delhi,01-04-2024 00:00
19,Sita,Hyderabad,01-03-2024
100,Ram,Delhi,01-02-2024
60,Sita,Bangalore,
167,Neha,Bangalore,01-02-2024
202,Amit,Delhi,
146,Amit,Hyderabad,invalid_date
164,Ram,Mumbai,01-02-2024
242,John,Bangalore,01-03-2024
69,Raj,Bangalore,
175,Ram,Kolkata,01-02-2024
49,Sita,Mumbai,01-04-2024 00:00
108,Raj,Delhi,
226,John,Hyderabad,
161,Sita,Kolkata,01-02-2024
119,Priya,Delhi,invalid_date
149,Neha,Chennai,01-02-2024
150,Sita,Bangalore,01-03-2024
293,Neha,Chennai,01-03-2024
143,Raj,Bangalore,
160,Neha,Bangalore,
11,Raj,,01-02-2024
138,Raj,Chennai,01-03-2024
78,Raj,Delhi,01-03-2024
77,Raj,Kolkata,invalid_date
254,Raj,Kolkata,01-04-2024 00:00
258,Sita,Chennai,invalid_date
291,Raj,Delhi,01-01-2024
263,Sita,Kolkata,invalid_date
85,Raj,Delhi,01-02-2024
146,Neha,Delhi,01-04-2024 00:00
42,Priya,Bangalore,01-02-2024
125,Raj,Kolkata,01-01-2024
167,John,Kolkata,01-04-2024 00:00
241,Raj,Bangalore,
280,Raj,Chennai,01-03-2024
188,Neha,Bangalore,invalid_date
19,Amit,Kolkata,01-02-2024
68,Neha,Kolkata,01-01-2024
218,John,Chennai,01-03-2024
102,Amit,Bangalore,invalid_date
42,Ram,,01-03-2024
288,Ram,Hyderabad,invalid_date
167,John,Chennai,
109,Neha,Bangalore,01-04-2024 00:00
36,Sita,Bangalore,01-03-2024
232,John,Delhi,01-03-2024
229,Priya,Kolkata,01-03-2024
164,Amit,Mumbai,01-04-2024 00:00
73,Amit,Chennai,01-01-2024
136,Raj,Mumbai,invalid_date
70,Ram,Mumbai,
196,Amit,Chennai,01-03-2024
269,John,Bangalore,01-04-2024 00:00
49,Amit,Chennai,01-01-2024
130,John,Mumbai,invalid_date
5,Sita,Kolkata,01-04-2024 00:00
27,Raj,Kolkata,
160,Ram,Kolkata,
149,Amit,Bangalore,invalid_date
264,John,Hyderabad,01-03-2024
230,Neha,Chennai,
200,Ram,Kolkata,01-01-2024
50,Sita,Chennai,01-04-2024 00:00
67,John,Kolkata,01-01-2024
58,Priya,Bangalore,01-03-2024
259,Priya,Hyderabad,01-01-2024
130,Raj,Hyderabad,01-01-2024
215,Raj,Kolkata,01-02-2024
172,Sita,Bangalore,01-01-2024
258,Sita,Delhi,invalid_date
102,Raj,Chennai,01-04-2024 00:00
209,Amit,Chennai,01-02-2024
291,Amit,Mumbai,01-04-2024 00:00
286,John,Bangalore,01-04-2024 00:00
116,Neha,Mumbai,01-03-2024
264,John,Kolkata,01-03-2024
150,Neha,Mumbai,01-02-2024
36,Sita,Hyderabad,
287,Ram,Chennai,01-03-2024
208,John,Mumbai,01-03-2024
106,John,Hyderabad,01-03-2024
158,Neha,Bangalore,01-04-2024 00:00
121,Sita,Mumbai,01-02-2024
55,Sita,Kolkata,01-04-2024 00:00
12,Priya,Kolkata,invalid_date
145,Neha,Kolkata,01-04-2024 00:00
136,Sita,Chennai,invalid_date
3,Raj,Mumbai,01-01-2024
144,Amit,Bangalore,01-01-2024
30,Priya,Mumbai,invalid_date
237,Raj,Chennai,invalid_date
279,Ram,Hyderabad,01-04-2024 00:00
115,John,Chennai,invalid_date
104,Priya,,01-02-2024
118,Ram,Hyderabad,01-01-2024
5,John,Kolkata,01-01-2024
248,Amit,Delhi,
121,Sita,Chennai,invalid_date
286,Raj,Chennai,01-03-2024
149,Neha,Bangalore,01-03-2024
84,Raj,Mumbai,invalid_date
231,Amit,Hyderabad,01-02-2024
288,Ram,Hyderabad,01-03-2024
161,Neha,Bangalore,
272,Sita,Bangalore,invalid_date
38,Amit,Mumbai,01-02-2024
226,Neha,Kolkata,01-02-2024
142,Amit,Mumbai,01-04-2024 00:00
292,Amit,,01-02-2024
151,Sita,Kolkata,01-03-2024
114,Priya,Delhi,01-03-2024
237,John,Mumbai,invalid_date
66,Neha,Bangalore,invalid_date
258,Sita,Kolkata,01-02-2024
249,Amit,Mumbai,
180,Sita,Hyderabad,01-01-2024
190,Priya,Delhi,01-04-2024 00:00
154,John,Chennai,01-01-2024
196,Raj,Hyderabad,01-02-2024
262,Neha,Hyderabad,01-02-2024
143,John,Delhi,01-01-2024
101,Ram,Chennai,01-04-2024 00:00
244,Neha,Bangalore,01-01-2024
12,John,Kolkata,invalid_date
239,Amit,Chennai,01-03-2024
49,Neha,Mumbai,
42,Neha,Hyderabad,invalid_date
166,Sita,Mumbai,01-03-2024
82,Amit,Bangalore,
291,Ram,Mumbai,
158,Raj,,
216,Priya,Mumbai,01-02-2024
158,John,Bangalore,
134,Sita,Bangalore,01-04-2024 00:00
67,John,Bangalore,01-01-2024
7,Ram,Chennai,01-04-2024 00:00
14,Ram,Bangalore,01-01-2024
73,Neha,Hyderabad,invalid_date
163,Priya,Bangalore,invalid_date
66,Ram,Mumbai,01-01-2024
130,John,Kolkata,01-04-2024 00:00
206,Amit,Mumbai,01-01-2024
276,Amit,Kolkata,
256,Neha,Mumbai,01-02-2024
266,Raj,Chennai,invalid_date
25,John,Mumbai,01-02-2024
281,John,Chennai,
253,Ram,Chennai,
289,Priya,Bangalore,invalid_date
164,John,Hyderabad,invalid_date
95,Sita,Kolkata,
270,Raj,Bangalore,01-03-2024
110,Ram,Bangalore,01-02-2024
238,Sita,Chennai,01-02-2024
25,Neha,Chennai,01-03-2024
141,Amit,Kolkata,01-04-2024 00:00
117,Neha,Mumbai,01-02-2024
25,Amit,Mumbai,01-01-2024
79,Neha,Bangalore,
68,John,Delhi,
173,Sita,Delhi,01-03-2024
12,Amit,Mumbai,01-02-2024
288,Ram,,01-04-2024 00:00
128,Sita,Mumbai,01-02-2024
96,Ram,Chennai,
92,Sita,Bangalore,invalid_date
141,Sita,Hyderabad,01-01-2024
31,Neha,Bangalore,01-03-2024
20,Amit,Mumbai,invalid_date
146,Amit,Mumbai,01-04-2024 00:00
160,Priya,Bangalore,invalid_date
43,Sita,Kolkata,invalid_date
254,John,Mumbai,01-04-2024 00:00
130,John,Delhi,invalid_date
60,Ram,Delhi,01-03-2024
151,Ram,Mumbai,
287,Neha,Mumbai,01-02-2024
5,Sita,Kolkata,invalid_date
266,Ram,Delhi,01-03-2024
130,Ram,Mumbai,01-02-2024
267,Raj,Mumbai,01-02-2024
178,Sita,Kolkata,invalid_date
253,Neha,,01-03-2024
56,Ram,Bangalore,
83,Neha,Kolkata,invalid_date
99,Amit,Hyderabad,01-04-2024 00:00
149,Neha,,01-02-2024
156,John,Bangalore,invalid_date
190,John,Hyderabad,01-02-2024
263,Neha,Mumbai,01-03-2024
80,John,Mumbai,01-01-2024
252,Amit,Bangalore,invalid_date
97,Sita,Kolkata,
260,John,Mumbai,invalid_date
260,John,Chennai,01-02-2024
103,Neha,Bangalore,01-03-2024
40,Amit,,01-04-2024 00:00
273,Priya,Bangalore,
101,Priya,Delhi,01-03-2024
221,Priya,Kolkata,invalid_date
126,Neha,Hyderabad,01-02-2024
245,Sita,Bangalore,01-02-2024
9,Raj,Hyderabad,
176,Raj,Kolkata,01-02-2024
188,Raj,,01-03-2024
1,Priya,Kolkata,01-01-2024
197,Raj,,
99,Ram,Bangalore,01-01-2024
187,Raj,Chennai,01-04-2024 00:00
133,Raj,Chennai,01-04-2024 00:00
116,Sita,Delhi,01-02-2024
274,Neha,Kolkata,01-03-2024
1,Raj,Mumbai,01-03-2024
154,Amit,Mumbai,
249,Priya,Bangalore,01-01-2024
161,Sita,Kolkata,01-02-2024
294,Amit,Mumbai,01-04-2024 00:00
260,Amit,Mumbai,
132,Amit,Chennai,invalid_date
46,Ram,Mumbai,01-04-2024 00:00
75,Sita,Mumbai,01-02-2024
138,Raj,Chennai,01-03-2024
42,Neha,Hyderabad,invalid_date
67,Priya,Mumbai,invalid_date
95,Neha,Delhi,01-03-2024
278,Priya,Chennai,
173,Sita,Delhi,01-03-2024
118,Neha,Bangalore,invalid_date
14,Neha,Hyderabad,01-04-2024 00:00
46,Sita,Chennai,01-02-2024
5,Sita,Kolkata,invalid_date
145,Ram,Kolkata,01-04-2024 00:00
136,Priya,Bangalore,invalid_date
28,Sita,Hyderabad,invalid_date
186,Amit,Delhi,01-03-2024
26,Amit,Kolkata,01-04-2024 00:00
41,John,Chennai,01-03-2024
202,Neha,Mumbai,invalid_date
179,Ram,Kolkata,01-03-2024
221,Amit,,01-02-2024
255,Raj,Hyderabad,01-04-2024 00:00
95,Ram,,01-03-2024
152,Amit,Kolkata,invalid_date
161,Priya,Mumbai,01-04-2024 00:00
202,Sita,Hyderabad,
165,Raj,Hyderabad,
235,Priya,,invalid_date
159,John,Bangalore,01-01-2024
136,Sita,Chennai,invalid_date
254,Raj,Kolkata,01-04-2024 00:00
2,Priya,Delhi,01-04-2024 00:00
27,Amit,Kolkata,01-04-2024 00:00
253,Amit,Delhi,01-02-2024
144,Amit,Mumbai,01-04-2024 00:00
51,Amit,Bangalore,
111,Ram,Delhi,01-04-2024 00:00
262,Priya,Delhi,
118,Ram,,01-01-2024
90,Sita,Hyderabad,01-01-2024
59,Ram,Kolkata,
104,Priya,Chennai,01-04-2024 00:00
171,Amit,,
17,Amit,Hyderabad,01-02-2024
198,Neha,Bangalore,01-04-2024 00:00
175,Ram,Bangalore,01-01-2024
143,Amit,Delhi,01-04-2024 00:00
107,John,Delhi,01-01-2024
148,Priya,Mumbai,01-02-2024
14,Amit,,01-01-2024
58,Raj,Chennai,01-03-2024
108,Raj,Delhi,
64,Neha,Bangalore,01-03-2024
167,John,Chennai,
114,Priya,Delhi,01-03-2024
145,Neha,Mumbai,01-01-2024
229,Neha,Mumbai,01-03-2024
223,John,Kolkata,01-04-2024 00:00
98,John,Hyderabad,01-03-2024
27,Neha,,01-04-2024 00:00
6,Ram,Chennai,invalid_date
63,Raj,Hyderabad,01-04-2024 00:00
98,Ram,Mumbai,
257,Priya,Hyderabad,01-03-2024
243,John,Chennai,
2,Amit,Chennai,01-01-2024
247,Neha,Kolkata,invalid_date
23,Raj,Kolkata,
2,Neha,,invalid_date
63,Ram,Bangalore,01-03-2024
112,John,Delhi,01-03-2024
189,Priya,,01-03-2024
211,John,Bangalore,01-02-2024
116,Amit,Mumbai,01-04-2024 00:00
43,Sita,Kolkata,invalid_date
143,Priya,,01-01-2024
1,Sita,Hyderabad,
68,John,Delhi,01-02-2024
205,Raj,Kolkata,01-01-2024
104,Raj,Chennai,01-01-2024
135,Sita,Mumbai,01-02-2024
142,John,Bangalore,invalid_date
15,Priya,Hyderabad,invalid_date
118,Ram,Kolkata,
50,Neha,Kolkata,01-04-2024 00:00
22,Raj,Bangalore,01-01-2024
25,Neha,Chennai,01-03-2024
242,John,Bangalore,01-03-2024
170,Ram,Chennai,01-01-2024
133,Neha,Chennai,
227,Ram,Kolkata,01-04-2024 00:00
20,Sita,Mumbai,01-03-2024
99,Neha,Delhi,01-02-2024
41,Neha,Delhi,01-04-2024 00:00
149,Neha,,01-02-2024
181,Sita,Kolkata,01-01-2024
62,Ram,Mumbai,invalid_date
233,John,Delhi,01-01-2024
235,John,Hyderabad,01-02-2024
130,John,Mumbai,01-04-2024 00:00
4,Amit,Kolkata,01-02-2024
119,Amit,Kolkata,01-03-2024
96,Raj,Bangalore,01-04-2024 00:00
181,Raj,Bangalore,invalid_date
210,John,Kolkata,01-03-2024
261,John,Bangalore,invalid_date
251,Ram,Bangalore,invalid_date
146,Priya,Bangalore,01-01-2024
269,Neha,Delhi,01-04-2024 00:00
266,Raj,Chennai,invalid_date
182,Priya,Chennai,
185,Neha,Hyderabad,
192,Raj,Mumbai,01-03-2024
233,Priya,,01-02-2024
257,Neha,Hyderabad,invalid_date
122,Ram,Mumbai,01-01-2024
53,Priya,,invalid_date
158,Raj,,
158,John,Bangalore,01-02-2024
271,John,Delhi,01-04-2024 00:00
2,John,Mumbai,
289,John,,
53,Amit,Chennai,01-04-2024 00:00
93,Amit,Kolkata,01-04-2024 00:00
168,Raj,Delhi,01-03-2024
29,Neha,,01-03-2024
92,Priya,Hyderabad,01-04-2024 00:00
102,Sita,Hyderabad,invalid_date
281,John,Chennai,
128,Sita,Bangalore,01-01-2024
63,Raj,Delhi,01-04-2024 00:00
194,Neha,Mumbai,invalid_date
218,Raj,Delhi,01-02-2024
223,Raj,Hyderabad,invalid_date
67,Ram,Bangalore,01-04-2024 00:00
198,Sita,Bangalore,01-02-2024
288,Amit,Delhi,01-04-2024 00:00
177,Neha,Bangalore,01-04-2024 00:00
50,Sita,Chennai,01-04-2024 00:00
6,John,Hyderabad,invalid_date
15,Raj,Kolkata,01-02-2024
219,Neha,Chennai,invalid_date
207,Sita,Hyderabad,
12,Amit,Kolkata,01-01-2024
78,John,Hyderabad,invalid_date
44,Neha,Bangalore,
66,Priya,Kolkata,invalid_date
268,Priya,Kolkata,01-01-2024
170,Amit,Hyderabad,01-02-2024
199,John,Hyderabad,01-03-2024
202,Amit,Hyderabad,01-02-2024
170,Sita,,01-02-2024
79,Raj,Hyderabad,01-02-2024
53,John,Mumbai,01-02-2024
177,Raj,Chennai,01-04-2024 00:00
49,John,,01-03-2024
202,Ram,Kolkata,01-02-2024
63,Sita,Bangalore,01-01-2024
296,John,Mumbai,
144,Sita,Delhi,01-04-2024 00:00
59,John,Delhi,01-03-2024
215,Sita,Chennai,01-01-2024
261,Priya,Hyderabad,01-01-2024
106,Amit,Bangalore,01-02-2024
80,John,Mumbai,01-01-2024
266,Neha,Hyderabad,01-02-2024
293,Neha,,01-01-2024
3,Ram,Hyderabad,01-01-2024
4,Amit,Kolkata,invalid_date
201,Amit,Bangalore,01-02-2024
51,Amit,Mumbai,01-04-2024 00:00
285,John,Kolkata,01-03-2024
7,Sita,Mumbai,01-04-2024 00:00
183,Neha,Mumbai,01-02-2024
202,John,Delhi,01-03-2024
264,Priya,,01-01-2024
9,Sita,Mumbai,01-04-2024 00:00
198,Sita,Delhi,
215,Raj,Hyderabad,
25,John,Delhi,01-04-2024 00:00
200,John,Mumbai,
